{
    "$schema": "https://schema.management.azure.com/schemas/2015-01-01/deploymentParameters.json#",
    "contentVersion": "1.0.0.0",
    "parameters": {
        "accounts_iotdla274f5713_defaultDataLakeStoreAccount": {
            "value": null
        },
        "accounts_iotdla274f5713_dataLakeStoreAccounts": {
            "value": null
        },
        "workflows_LogicApp_name": {
            "value": null
        },
        "connections_office365_name": {
            "value": null
        },
        "sites_Capstonefunctionapp_name": {
            "value": null
        },
        "serverfarms_NorthEuropePlan_name": {
            "value": null
        },
        "IotHubs_iot_hub_274F5713_name": {
            "value": null
        },
        "accounts_iotdls274f5713_name": {
            "value": null
        },
        "components_Capstonefunctionapp_name": {
            "value": null
        },
        "accounts_iotdla274f5713_name": {
            "value": null
        },
        "accounts_iotdla274f5713adls_name": {
            "value": null
        },
        "databaseAccounts_cosmos_274f5713_name": {
            "value": null
        },
        "storageAccounts_capstonefunctio804e_name": {
            "value": null
        },
        "streamingjobs_streamanalytics_name": {
            "value": null
        },
        "environments_iot_tsi_274F5713_name": {
            "value": null
        },
        "alertrules_Failure_Anomalies___Capstonefunctionapp_name": {
            "value": null
        }
    }
}